HEMANK SONI,Coordinator,https://user-images.githubusercontent.com/120120312/230147127-ec0ea72f-ccf0-4cf9-8d66-ad7421d74f6d.jpg,Coordinator,https://www.instagram.com/soni_hemank/,https://www.linkedin.com/in/hemank-soni-551622229,https://www.facebook.com/manu.soni.1297,7991704235,1
Vaibhav Kesharwani,Coordinator,https://user-images.githubusercontent.com/120120312/230149976-04f88774-7066-4e86-b619-a2b7e9d44c7c.jpeg,Co-coordinator,https://www.instagram.com/born_engineer73/,javascript:void(0);,https://www.facebook.com/vaibhav.kesharwani.79025,9369080567,1
Ravi H M,Coordinator,https://user-images.githubusercontent.com/115873607/195994603-d7e10d3c-09b4-4062-86df-c2d56e222b3f.jpg,Co-coordinator,https://www.instagram.com/ravi__geetha?r=nametag,https://www.linkedin.com/in/ravi-h-m-82a614247,javascript:void(0);,9481412440,1
Dharma Teja,senioradv,../data/team/dharma.jpeg,Mentor,https://www.instagram.com/gurram_dharma/,https://www.linkedin.com/in/dharma-gurram-95a953201/,https://www.facebook.com/dharma.gurram.98,9182436977,2
Shashwat Gupta,senioradv,../data/team/shashwat.jpg,Mentor,https://www.instagram.com/shashwat_108_/,https://www.linkedin.com/in/shashwat-g-496884135,https://www.facebook.com/shashwat.gupta.908132,8495085298,2
Yuvraj Aseri,senioradv,../data/team/yuvraj.jpg,Mentor,https://www.instagram.com/yuvraj_aaseri/,https://www.linkedin.com/in/yuvraj-aseri/,https://www.facebook.com/profile.php?id=100057521499370,9588214994,2
Deepak Sachan ,facultyadv,https://github.com/aryanjain2005/First-Nodejs-repo/blob/main/WhatsApp%20Image%202023-08-10%20at%2000.10.37.jpg?raw=true,Faculty Advisor,javascript:void(0);,javascript:void(0);,javascript:void(0);,javascript:void(0);,3
Bhumesh Gaur,mem,https://user-images.githubusercontent.com/111749567/193424706-3aae2422-2582-465f-abd9-6adc464c405f.jpg,Technical Head,https://www.instagram.com/gaur_bhumesh07/,https://www.linkedin.com/in/bhumesh-gaur-833a7b235/?midSig=19IzVEMT12kqs1&eid=gagvl3-l8on74uy-xo&midToken=AQFY3yX8qerj8g&trkEmail=eml-email_job_alert_digest_01-header-0-profile_glimmer-null-gagvl3%7El8on74uy%7Exo-null-null&trk=eml-email_job_alert_digest_01-header-0-profile_glimmer&originalSubdomain=in,javascript:void(0);,9760405165,4
Vinith Samson J ,mem,https://user-images.githubusercontent.com/111749567/193424901-00fdbcc3-dec1-4d55-991b-d4fd0b443eaa.jpg,Technical Head,https://www.linkedin.com/in/vinith-samson-320671247,javascript:void(0);,javascript:void(0);,9095408889,4
Lakshay Nailwal,mem,https://user-images.githubusercontent.com/111749567/193424948-3c9b154a-d28f-438b-8493-177c1298967b.jpg,Web Developer Head,https://www.instagram.com/nailwal001/,https://www.linkedin.com/in/lakshay-nailwal-7b36ab24a/,javascript:void(0);,7838131836,4
Sweta ,mem,https://user-images.githubusercontent.com/111749567/193424869-98587377-8156-49b7-b9b9-dcef35eee178.jpg,core-Team,https://www.instagram.com/Spry_sweta ,https://www.linkedin.com/in/sweta-aliyan-b463a61bb,javascript:void(0);,9416650006,5
Aayushi Thakur,mem,https://user-images.githubusercontent.com/120120312/230153721-f7cf76b9-2764-4e88-99d3-0dca778ff1f0.jpg,core-Team,https://instagram.com/i_u_c_27.10?igshid=ZDdkNTZiNTM=,,,9340782347,5
Abhinandan Kumar,mem,https://user-images.githubusercontent.com/120120312/230159647-8919408e-2c11-4001-9613-07d74c725d44.png,core-Team,https://instagram.com/abhi.nandan.45?igshid=ZDdkNTZiNTM=,https://www.linkedin.com/in/abhinandan-kumar-5620a2202,,6299450703,5
Anjali Jareda ,mem,https://user-images.githubusercontent.com/111749567/193426785-588e6003-b078-43c8-b92f-28ba4b5112f8.jpg,core-Team,https://www.instagram.com/anjali_01024/,https://www.linkedin.com/in/anjali-jareda-7b599322b,javascript:void(0);,9602081102,5
Ankit ,mem,https://user-images.githubusercontent.com/111749567/193424711-3a96c65a-1d4e-4df9-8dfa-815e21754903.jpg,core-Team,https://www.instagram.com/a.k.g.s2/,https://www.linkedin.com/in/ankit-kumar-984224239/,javascript:void(0);,7891035024,5
Aritra Boral,mem,https://user-images.githubusercontent.com/120120312/230161639-6a1d6561-b55d-4c2f-a58f-ea67b0dcc894.jpg,core-Team,https://instagram.com/lucifer_morningstar_06660?igshid=ZDdkNTZiNTM=,https://www.linkedin.com/in/aritra-boral-304761213,https://www.facebook.com/aritra.boral.39?mibextid=ZbWKwL,9433823273,5
Aryan Jain,mem,https://user-images.githubusercontent.com/120120312/230159163-c3804152-53e1-4137-85d8-b7ac96de7278.jpg,core-Team,https://instagram.com/aryanjain2005?igshid=ZDdkNTZiNTM=,https://www.linkedin.com/in/aryan-jain-21448326b,https://www.facebook.com/profile.php?id=100048160041417&mibextid=ZbWKwL,9799000999,5
Aryan Singh,mem,https://user-images.githubusercontent.com/120120312/230161884-42d6976c-a7be-4674-8cfb-a3396342a392.jpg,core-Team,https://www.instagram.com/invites/contact/?i=92r5jle0ltvj&utm_content=peqh2ck,https://www.linkedin.com/in/aryan-singh-813552250,,6393051440,5
Ashmit Ojha,mem,https://drive.google.com/file/d/1NOpz6WvE7sNG3dfgPEOefgZ5qZCvPXYS/view?usp=drivesdk,core-Team,https://www.instagram.com/ojha.ashmit/,https://www.linkedin.com/mwlite/in/ashmit-ojha-590b7b1b8,,7706045838,5
Ayush Gupta,mem,https://user-images.githubusercontent.com/120120312/230158888-25bcac76-8f04-41bb-a74e-785364d8902e.jpg,core-Team,https://instagram.com/ayush_iit017?igshid=ZDdkNTZiNTM=,https://www.linkedin.com/in/ayush-gupta-502730264,,8336840080,5
Bhavya Somani,mem,https://user-images.githubusercontent.com/120120312/230158375-b146958a-5a7f-4a72-af28-3255357a4b44.JPG,core-Team,https://instagram.com/bhavyasomani2004?igshid=ZDdkNTZiNTM=,https://www.linkedin.com/in/bhavya-somani-756b51251,https://www.facebook.com/profile.php?id=100086260396350&mibextid=ZbWKwL,7284036155,5
Harsh Vardhan Singh Bhadauriya,mem,https://user-images.githubusercontent.com/120120312/230161764-de3569d2-fcbf-473c-bea2-ac637b1687d1.jpg,core-Team,https://instagram.com/harsh_va_659?igshid=MGNiNDI5ZTU=,https://www.linkedin.com/in/harsh-vardhan-5481a2212,https://www.facebook.com/harsh.bhadouria.90?mibextid=ZbWKwL,9179984717,5
Meghana,mem,https://user-images.githubusercontent.com/120120312/230161214-b4f1c070-b8ac-407b-a581-bc1ffc7d2ee5.jpg,core-Team,https://www.instagram.com/meghanaaa______/?next=%2F,linkedin.com/in/sannapareddy-meghana-112527260,,7675816234,5
Piyush Yadav,mem,https://user-images.githubusercontent.com/120120312/230160962-413b1a44-fb98-4141-862d-6f99048485ae.jpg,core-Team,https://instagram.com/piyushin2022?igshid=YmMyMTA2M2Y=,https://www.linkedin.com/in/piyush-yadav-3a3453265,https://www.facebook.com/profile.php?id=100086776128501&mibextid=ZbWKwL,6378789745,5
Prathmesh Chaurasiya,mem,https://user-images.githubusercontent.com/120120312/230158774-d5846af6-e094-4580-b12d-47e5654c5d5f.jpg,core-Team,https://www.instagram.com/_.prathmesh_07/,linkedin.com/in/prathmesh-chourasiya-48503125b,,8982986521,5
Rishika,mem,https://user-images.githubusercontent.com/111749567/193424710-4ae460b0-4417-4bbc-b918-d9d83c01062e.jpg,core-Team,javascript:void(0);,javascript:void(0);,javascript:void(0);,8630016330,5
Vershita yadav,mem,https://user-images.githubusercontent.com/120120312/230161381-89d98dc1-0d6a-483d-b0e3-02499562f9ff.jpg,core-Team,https://instagram.com/vershitayadav?igshid=ZDdkNTZiNTM=,https://www.linkedin.com/in/vershita-yadav-iit-mandi-872b7426a,,7011889060,5
Vikrant Sharma,mem,https://user-images.githubusercontent.com/111749567/210266862-2da6ffd5-fd8d-4da4-8406-e92ebdaf79ba.jpg,core-Team,javascript:void(0);,http://www.linkedin.com/in/vikrant-sharma808827,javascript:void(0);,,5
Yash Sehgal,mem,https://user-images.githubusercontent.com/120120312/230160535-6fa20e45-8f81-4156-8358-7608d2c7e033.JPG,core-Team,https://www.instagram.com/yashsehgal_29/,https://www.linkedin.com/public-profile/settings,,7495052799,5
Gyanesh Ranjan Chauhan ,mem,https://user-images.githubusercontent.com/111749567/193424570-fe621bce-532d-40ea-a814-de13c644cada.jpg,core-Team,https://instagram.com/gyanesh__2711?igshid=YmMyMTA2M2Y=,javascript:void(0);,javascript:void(0);,9559641988,7
Rahul,mem,https://user-images.githubusercontent.com/111749567/193424523-d8c37975-512c-418d-9e2d-f3057f965d3a.jpg,core-Team,https://www.instagram.com/rbansal_25?r=nametag,https://www.linkedin.com/in/rahul-bansal-a5716922a,https://www.facebook.com/profile.php?id=100050168090022,8306710194,7
Ayush Kumar Singh ,mem,https://user-images.githubusercontent.com/111749567/193424708-8cee3717-a914-473e-a1a8-dae71139b77c.jpg,core-Team,https://instagram.com/idyllic_abhi_17?igshid=YmMyMTA2M2Y=,www.linkedin.com/in/ayush-singh-910a6a22b,https://www.facebook.com/profile.php?id=100043745419114,9839777899,8
Chaman kumar,Alumni,../data/team/chaman.png,Addverb Robotics,javascript:void(0);,javascript:void(0);,javascript:void(0);,javascript:void(0);,10
Gautam Asopa,Alumni,../data/team/gautam.png,Accenture,javascript:void(0);,javascript:void(0);,javascript:void(0);,javascript:void(0);,10
Naveen Kumar,Alumni,../data/team/naveen.png,LnT Kolkata,javascript:void(0);,javascript:void(0);,javascript:void(0);,javascript:void(0);,10
Nishant Rana,Alumni,../data/team/nishant.png,L&T Mumbai,javascript:void(0);,javascript:void(0);,javascript:void(0);,javascript:void(0);,10
Shishir Asthana,Alumni,../data/team/shishir.png,IIM Ahmedabad,javascript:void(0);,javascript:void(0);,javascript:void(0);,javascript:void(0);,10
Udit Soni,Alumni,../data/team/udit.png,IIM Kozhikode,javascript:void(0);,javascript:void(0);,javascript:void(0);,javascript:void(0);,10
V.Sai Subba Rao,Alumni,../data/team/saisubbarao.png,University of Pennsylvania,javascript:void(0);,javascript:void(0);,javascript:void(0);,javascript:void(0);,10
